"title","make","model","body_style","year","vin","vehicle_id","price","image[0].url","url","mileage.value","mileage.unit","state_of_vehicle","fb_page_id","description","address.addr1","address.city","address.region","address.country"
"2017 Alfa Romeo Giulia RWD Sedan"," Alfa Romeo ","Giulia","NONE","2017","ZARFAEBN3H7550444","550444","22,995 USD",,"https://www.sportcars.miami//used/Alfa+Romeo/2017-Alfa+Romeo-Giulia-37a8d13d0a0e0a927f2167997e0028c0.htm","34760","MI","USED","321137121850648","Sport Cars Miami is a one of a kind first class pre-owned vehicles dealership. Our extensive partnership network and our flexible financing options allow us to offer the widest selection of both off-lease and new car trades at exceptional values. Looking for a high quality vehicle? You've come to the right place. To learn more about our dealership and how we can help with your next vehicle purchase, please call us at 833-617-5627 or stop by in person. We look forward to meeting you.","1300 N State Road 7, FL 33021","Hollywood","Florida","United States"
"2017 Alfa Romeo Giulia RWD"," Alfa Romeo ","Giulia","NONE","2017","ZARFAEBN4H7533376","533376N","23,944 USD",,"https://www.sportcars.miami//used/Alfa+Romeo/2017-Alfa+Romeo-Giulia-ccaafb3c0a0e0a9118f70de29bc19bb3.htm","28910","MI","USED","321137121850648","Sport Cars Miami is a one of a kind first class pre-owned vehicles dealership. Our extensive partnership network and our flexible financing options allow us to offer the widest selection of both off-lease and new car trades at exceptional values. Looking for a high quality vehicle? You've come to the right place. To learn more about our dealership and how we can help with your next vehicle purchase, please call us at 833-617-5627 or stop by in person. We look forward to meeting you.","1300 N State Road 7, FL 33021","Hollywood","Florida","United States"
"2019 Alfa Romeo Stelvio Ti SUV"," Alfa Romeo ","Stelvio","NONE","2019","ZASPAKBN1K7C48565","C48565-T","30,995 USD",,"https://www.sportcars.miami//used/Alfa+Romeo/2019-Alfa+Romeo-Stelvio-37a920080a0e0a905d26eaafc6589deb.htm","12963","MI","USED","321137121850648","Sport Cars Miami is a one of a kind first class pre-owned vehicles dealership. Our extensive partnership network and our flexible financing options allow us to offer the widest selection of both off-lease and new car trades at exceptional values. Looking for a high quality vehicle? You've come to the right place. To learn more about our dealership and how we can help with your next vehicle purchase, please call us at 833-617-5627 or stop by in person. We look forward to meeting you.","1300 N State Road 7, FL 33021","Hollywood","Florida","United States"
"2018 Alfa Romeo Stelvio Ti Sport AWD SUV"," Alfa Romeo ","Stelvio","NONE","2018","ZASFAKNN6J7B74016","B74016","26,995 USD",,"https://www.sportcars.miami//used/Alfa+Romeo/2018-Alfa+Romeo-Stelvio-37a99b6d0a0e087f342c879231af89f9.htm","40770","MI","USED","321137121850648","Sport Cars Miami is a one of a kind first class pre-owned vehicles dealership. Our extensive partnership network and our flexible financing options allow us to offer the widest selection of both off-lease and new car trades at exceptional values. Looking for a high quality vehicle? You've come to the right place. To learn more about our dealership and how we can help with your next vehicle purchase, please call us at 833-617-5627 or stop by in person. We look forward to meeting you.","1300 N State Road 7, FL 33021","Hollywood","Florida","United States"
"2015 Audi A3 2.0T Premium Sedan"," Audi ","A3","NONE","2015","WAUBFGFF5F1047696","T-047696","11,495 USD",,"https://www.sportcars.miami//used/Audi/2015-Audi-A3-37a87fe30a0e0a937adff181177b8831.htm","117200","MI","USED","321137121850648","Sport Cars Miami is a one of a kind first class pre-owned vehicles dealership. Our extensive partnership network and our flexible financing options allow us to offer the widest selection of both off-lease and new car trades at exceptional values. Looking for a high quality vehicle? You've come to the right place. To learn more about our dealership and how we can help with your next vehicle purchase, please call us at 833-617-5627 or stop by in person. We look forward to meeting you.","1300 N State Road 7, FL 33021","Hollywood","Florida","United States"
"2016 Audi A3 FWD 1.8T Premium Sedan"," Audi ","A3","NONE","2016","WAUA7GFF9G1068416","1068416W","15,494 USD",,"https://www.sportcars.miami//used/Audi/2016-Audi-A3-37a97df10a0e081d0ba1841fe74c0e9f.htm","79566","MI","USED","321137121850648","Sport Cars Miami is a one of a kind first class pre-owned vehicles dealership. Our extensive partnership network and our flexible financing options allow us to offer the widest selection of both off-lease and new car trades at exceptional values. Looking for a high quality vehicle? You've come to the right place. To learn more about our dealership and how we can help with your next vehicle purchase, please call us at 833-617-5627 or stop by in person. We look forward to meeting you.","1300 N State Road 7, FL 33021","Hollywood","Florida","United States"
"2016 Audi A3 FWD 1.8T Premium Sedan"," Audi ","A3","NONE","2016","WAUA7GFF4G1070476","1070476","17,944 USD",,"https://www.sportcars.miami//used/Audi/2016-Audi-A3-ccab1a100a0e0a9118f70de2c82b49c4.htm","59303","MI","USED","321137121850648","Sport Cars Miami is a one of a kind first class pre-owned vehicles dealership. Our extensive partnership network and our flexible financing options allow us to offer the widest selection of both off-lease and new car trades at exceptional values. Looking for a high quality vehicle? You've come to the right place. To learn more about our dealership and how we can help with your next vehicle purchase, please call us at 833-617-5627 or stop by in person. We look forward to meeting you.","1300 N State Road 7, FL 33021","Hollywood","Florida","United States"
"2015 Audi A3 Sedan"," Audi ","A3","NONE","2015","WAUBFGFF1F1090383","90383","15,944 USD",,"https://www.sportcars.miami//used/Audi/2015-Audi-A3-37a930d10a0e0a9175a167fbb46e6b8e.htm","81890","MI","USED","321137121850648","Sport Cars Miami is a one of a kind first class pre-owned vehicles dealership. Our extensive partnership network and our flexible financing options allow us to offer the widest selection of both off-lease and new car trades at exceptional values. Looking for a high quality vehicle? You've come to the right place. To learn more about our dealership and how we can help with your next vehicle purchase, please call us at 833-617-5627 or stop by in person. We look forward to meeting you.","1300 N State Road 7, FL 33021","Hollywood","Florida","United States"
"2017 Audi A4 2.0 TFSI Automatic Premium Plus quattro AWD Sedan"," Audi ","A4","NONE","2017","WAUENAF48HN015980","N015980","19,995 USD",,"https://www.sportcars.miami//used/Audi/2017-Audi-A4-37a8cd260a0e0a937adff1815219c901.htm","90225","MI","USED","321137121850648","Sport Cars Miami is a one of a kind first class pre-owned vehicles dealership. Our extensive partnership network and our flexible financing options allow us to offer the widest selection of both off-lease and new car trades at exceptional values. Looking for a high quality vehicle? You've come to the right place. To learn more about our dealership and how we can help with your next vehicle purchase, please call us at 833-617-5627 or stop by in person. We look forward to meeting you.","1300 N State Road 7, FL 33021","Hollywood","Florida","United States"
"2014 Audi A4 Automatic quattro 2.0T Premium Plus Sedan"," Audi ","A4","NONE","2014","WAUFFAFL7EN036761","N036761","14,744 USD",,"https://www.sportcars.miami//used/Audi/2014-Audi-A4-ccab0af70a0e0a9118f70de2813f55e9.htm","86714","MI","USED","321137121850648","Sport Cars Miami is a one of a kind first class pre-owned vehicles dealership. Our extensive partnership network and our flexible financing options allow us to offer the widest selection of both off-lease and new car trades at exceptional values. Looking for a high quality vehicle? You've come to the right place. To learn more about our dealership and how we can help with your next vehicle purchase, please call us at 833-617-5627 or stop by in person. We look forward to meeting you.","1300 N State Road 7, FL 33021","Hollywood","Florida","United States"
"2013 Audi A5 Cabriolet Cabriolet Auto quattro 2.0T Premium"," Audi ","A5 Cabriolet","NONE","2013","WAUCFAFH8DN016385","N016385N","17,444 USD",,"https://www.sportcars.miami//used/Audi/2013-Audi-A5+Cabriolet-ccab05040a0e0a9118f70de26abe1854.htm","76733","MI","USED","321137121850648","Sport Cars Miami is a one of a kind first class pre-owned vehicles dealership. Our extensive partnership network and our flexible financing options allow us to offer the widest selection of both off-lease and new car trades at exceptional values. Looking for a high quality vehicle? You've come to the right place. To learn more about our dealership and how we can help with your next vehicle purchase, please call us at 833-617-5627 or stop by in person. We look forward to meeting you.","1300 N State Road 7, FL 33021","Hollywood","Florida","United States"
"2018 Audi A5 Sportback 2.0 TFSI Premium Plus Hatchback"," Audi ","A5 Sportback","NONE","2018","WAUBNCF57JA059330","A059330","27,495 USD",,"https://www.sportcars.miami//used/Audi/2018-Audi-A5+Sportback-37a9a0d30a0e087f342c879289bc4174.htm","59090","MI","USED","321137121850648","Sport Cars Miami is a one of a kind first class pre-owned vehicles dealership. Our extensive partnership network and our flexible financing options allow us to offer the widest selection of both off-lease and new car trades at exceptional values. Looking for a high quality vehicle? You've come to the right place. To learn more about our dealership and how we can help with your next vehicle purchase, please call us at 833-617-5627 or stop by in person. We look forward to meeting you.","1300 N State Road 7, FL 33021","Hollywood","Florida","United States"
"2013 Audi A6 quattro 2.0T Premium Sedan"," Audi ","A6","NONE","2013","WAUFFAFC8DN057326","T-057326","11,944 USD",,"https://www.sportcars.miami//used/Audi/2013-Audi-A6-ccab014d0a0e0a9118f70de287f4d29c.htm","123500","MI","USED","321137121850648","Sport Cars Miami is a one of a kind first class pre-owned vehicles dealership. Our extensive partnership network and our flexible financing options allow us to offer the widest selection of both off-lease and new car trades at exceptional values. Looking for a high quality vehicle? You've come to the right place. To learn more about our dealership and how we can help with your next vehicle purchase, please call us at 833-617-5627 or stop by in person. We look forward to meeting you.","1300 N State Road 7, FL 33021","Hollywood","Florida","United States"
"2016 Audi A6 quattro 2.0T Premium Plus Sedan"," Audi ","A6","NONE","2016","WAUGFAFC3GN112239","112239W","17,444 USD",,"https://www.sportcars.miami//used/Audi/2016-Audi-A6-ccaafdd20a0e0a9118f70de2e23c113e.htm","122106","MI","USED","321137121850648","Sport Cars Miami is a one of a kind first class pre-owned vehicles dealership. Our extensive partnership network and our flexible financing options allow us to offer the widest selection of both off-lease and new car trades at exceptional values. Looking for a high quality vehicle? You've come to the right place. To learn more about our dealership and how we can help with your next vehicle purchase, please call us at 833-617-5627 or stop by in person. We look forward to meeting you.","1300 N State Road 7, FL 33021","Hollywood","Florida","United States"
"2014 Audi A7 quattro 3.0 Prestige Hatchback"," Audi ","A7","NONE","2014","WAU2GAFC2EN086950","N086950","23,795 USD",,"https://www.sportcars.miami//used/Audi/2014-Audi-A7-37a9906d0a0e0a943e3f39a7d83c0aff.htm","80453","MI","USED","321137121850648","Sport Cars Miami is a one of a kind first class pre-owned vehicles dealership. Our extensive partnership network and our flexible financing options allow us to offer the widest selection of both off-lease and new car trades at exceptional values. Looking for a high quality vehicle? You've come to the right place. To learn more about our dealership and how we can help with your next vehicle purchase, please call us at 833-617-5627 or stop by in person. We look forward to meeting you.","1300 N State Road 7, FL 33021","Hollywood","Florida","United States"
"2012 Audi A7 quattro 3.0 Prestige Hatchback"," Audi ","A7","NONE","2012","WAU3GAFC7CN096830","096830","19,944 USD",,"https://www.sportcars.miami//used/Audi/2012-Audi-A7-ccab073c0a0e0a9118f70de20e94d5d5.htm","86235","MI","USED","321137121850648","Sport Cars Miami is a one of a kind first class pre-owned vehicles dealership. Our extensive partnership network and our flexible financing options allow us to offer the widest selection of both off-lease and new car trades at exceptional values. Looking for a high quality vehicle? You've come to the right place. To learn more about our dealership and how we can help with your next vehicle purchase, please call us at 833-617-5627 or stop by in person. We look forward to meeting you.","1300 N State Road 7, FL 33021","Hollywood","Florida","United States"
"2012 Audi A7 quattro 3.0 Prestige Hatchback"," Audi ","A7","NONE","2012","WAU2GAFC5CN094702","N094702","21,944 USD",,"https://www.sportcars.miami//used/Audi/2012-Audi-A7-ccab0bd20a0e0a9118f70de2e2362777.htm","81788","MI","USED","321137121850648","Sport Cars Miami is a one of a kind first class pre-owned vehicles dealership. Our extensive partnership network and our flexible financing options allow us to offer the widest selection of both off-lease and new car trades at exceptional values. Looking for a high quality vehicle? You've come to the right place. To learn more about our dealership and how we can help with your next vehicle purchase, please call us at 833-617-5627 or stop by in person. We look forward to meeting you.","1300 N State Road 7, FL 33021","Hollywood","Florida","United States"
"2017 Audi Q3 2.0 TFSI Premium FWD SUV"," Audi ","Q3","NONE","2017","WA1BCCFS0HR004609","R004609","21,944 USD",,"https://www.sportcars.miami//used/Audi/2017-Audi-Q3-37a980f30a0e0a927f2167990bef7b87.htm","70319","MI","USED","321137121850648","Sport Cars Miami is a one of a kind first class pre-owned vehicles dealership. Our extensive partnership network and our flexible financing options allow us to offer the widest selection of both off-lease and new car trades at exceptional values. Looking for a high quality vehicle? You've come to the right place. To learn more about our dealership and how we can help with your next vehicle purchase, please call us at 833-617-5627 or stop by in person. We look forward to meeting you.","1300 N State Road 7, FL 33021","Hollywood","Florida","United States"
"2015 Audi Q3 FrontTrak 2.0T Premium Plus SUV"," Audi ","Q3","NONE","2015","WA1BFCFS2FR008889","R008889","14,999 USD",,"https://www.sportcars.miami//used/Audi/2015-Audi-Q3-a16a56830a0e0a9207489da9de6f5b2b.htm","97247","MI","USED","321137121850648","Sport Cars Miami is a one of a kind first class pre-owned vehicles dealership. Our extensive partnership network and our flexible financing options allow us to offer the widest selection of both off-lease and new car trades at exceptional values. Looking for a high quality vehicle? You've come to the right place. To learn more about our dealership and how we can help with your next vehicle purchase, please call us at 833-617-5627 or stop by in person. We look forward to meeting you.","1300 N State Road 7, FL 33021","Hollywood","Florida","United States"
"2018 Audi Q5 2.0 TFSI Premium SUV"," Audi ","Q5","NONE","2018","WA1ANAFY5J2034332","34332","25,495 USD",,"https://www.sportcars.miami//used/Audi/2018-Audi-Q5-68d751e80a0e0a99692c6843276dd6b6.htm","33112","MI","USED","321137121850648","Sport Cars Miami is a one of a kind first class pre-owned vehicles dealership. Our extensive partnership network and our flexible financing options allow us to offer the widest selection of both off-lease and new car trades at exceptional values. Looking for a high quality vehicle? You've come to the right place. To learn more about our dealership and how we can help with your next vehicle purchase, please call us at 833-617-5627 or stop by in person. We look forward to meeting you.","1300 N State Road 7, FL 33021","Hollywood","Florida","United States"
"2015 Audi Q5 quattro 2.0T Premium Plus SUV"," Audi ","Q5","NONE","2015","WA1LFAFP7FA072073","A072073","17,999 USD",,"https://www.sportcars.miami//used/Audi/2015-Audi-Q5-a16a590b0a0e0a9207489da99e1272c9.htm","73896","MI","USED","321137121850648","Sport Cars Miami is a one of a kind first class pre-owned vehicles dealership. Our extensive partnership network and our flexible financing options allow us to offer the widest selection of both off-lease and new car trades at exceptional values. Looking for a high quality vehicle? You've come to the right place. To learn more about our dealership and how we can help with your next vehicle purchase, please call us at 833-617-5627 or stop by in person. We look forward to meeting you.","1300 N State Road 7, FL 33021","Hollywood","Florida","United States"
"2014 Audi Q5 quattro 3.0L TDI Premium Plus"," Audi ","Q5","NONE","2014","WA1CMAFP3EA037969","A037969","18,944 USD",,"https://www.sportcars.miami//used/Audi/2014-Audi-Q5-ccab10780a0e0a9118f70de278002cdf.htm","91556","MI","USED","321137121850648","Sport Cars Miami is a one of a kind first class pre-owned vehicles dealership. Our extensive partnership network and our flexible financing options allow us to offer the widest selection of both off-lease and new car trades at exceptional values. Looking for a high quality vehicle? You've come to the right place. To learn more about our dealership and how we can help with your next vehicle purchase, please call us at 833-617-5627 or stop by in person. We look forward to meeting you.","1300 N State Road 7, FL 33021","Hollywood","Florida","United States"
"2017 Audi Q7 quattro 3.0T Premium Plus SUV"," Audi ","Q7","NONE","2017","WA1LAAF70HD013009","D013009N","29,999 USD",,"https://www.sportcars.miami//used/Audi/2017-Audi-Q7-37a964b50a0e0a937adff181a5fc8068.htm","70537","MI","USED","321137121850648","Sport Cars Miami is a one of a kind first class pre-owned vehicles dealership. Our extensive partnership network and our flexible financing options allow us to offer the widest selection of both off-lease and new car trades at exceptional values. Looking for a high quality vehicle? You've come to the right place. To learn more about our dealership and how we can help with your next vehicle purchase, please call us at 833-617-5627 or stop by in person. We look forward to meeting you.","1300 N State Road 7, FL 33021","Hollywood","Florida","United States"
"2012 Audi Q7 quattro 3.0T Premium Plus SUV"," Audi ","Q7","NONE","2012","WA1LGAFE4CD002553","D002553","14,495 USD",,"https://www.sportcars.miami//used/Audi/2012-Audi-Q7-37a8c2ea0a0e087f342c87920d9c7a2d.htm","98946","MI","USED","321137121850648","Sport Cars Miami is a one of a kind first class pre-owned vehicles dealership. Our extensive partnership network and our flexible financing options allow us to offer the widest selection of both off-lease and new car trades at exceptional values. Looking for a high quality vehicle? You've come to the right place. To learn more about our dealership and how we can help with your next vehicle purchase, please call us at 833-617-5627 or stop by in person. We look forward to meeting you.","1300 N State Road 7, FL 33021","Hollywood","Florida","United States"
"2014 Audi Q7 quattro 3.0T S line Prestige SUV"," Audi ","Q7","NONE","2014","WA1DGAFE7ED012646","D012646","19,495 USD",,"https://www.sportcars.miami//used/Audi/2014-Audi-Q7-37a912260a0e0a9175a167fb91c286c3.htm","99238","MI","USED","321137121850648","Sport Cars Miami is a one of a kind first class pre-owned vehicles dealership. Our extensive partnership network and our flexible financing options allow us to offer the widest selection of both off-lease and new car trades at exceptional values. Looking for a high quality vehicle? You've come to the right place. To learn more about our dealership and how we can help with your next vehicle purchase, please call us at 833-617-5627 or stop by in person. We look forward to meeting you.","1300 N State Road 7, FL 33021","Hollywood","Florida","United States"
"2010 Audi S5 Cabriolet Cabriolet Premium Plus Convertible"," Audi ","S5 Cabriolet","NONE","2010","WAUCGAFH9AN011477","N011477","13,995 USD",,"https://www.sportcars.miami//used/Audi/2010-Audi-S5+Cabriolet-37a8a3b60a0e0a937adff181bbe825e0.htm","95049","MI","USED","321137121850648","Sport Cars Miami is a one of a kind first class pre-owned vehicles dealership. Our extensive partnership network and our flexible financing options allow us to offer the widest selection of both off-lease and new car trades at exceptional values. Looking for a high quality vehicle? You've come to the right place. To learn more about our dealership and how we can help with your next vehicle purchase, please call us at 833-617-5627 or stop by in person. We look forward to meeting you.","1300 N State Road 7, FL 33021","Hollywood","Florida","United States"
"2018 Audi S5 Sportback 3.0T Prestige Hatchback"," Audi ","S5 Sportback","NONE","2018","WAUC4CF53JA023089","A023089","27,495 USD",,"https://www.sportcars.miami//used/Audi/2018-Audi-S5+Sportback-37a9a1ef0a0e087f342c8792e9be74cb.htm","128743","MI","USED","321137121850648","Sport Cars Miami is a one of a kind first class pre-owned vehicles dealership. Our extensive partnership network and our flexible financing options allow us to offer the widest selection of both off-lease and new car trades at exceptional values. Looking for a high quality vehicle? You've come to the right place. To learn more about our dealership and how we can help with your next vehicle purchase, please call us at 833-617-5627 or stop by in person. We look forward to meeting you.","1300 N State Road 7, FL 33021","Hollywood","Florida","United States"
"2015 BMW 2 Series 228i Convertible"," BMW ","2 Series","NONE","2015","WBA1K5C55FV474179","474179","19,495 USD",,"https://www.sportcars.miami//used/BMW/2015-BMW-2+Series-37a881de0a0e0a937adff181e1041920.htm","39207","MI","USED","321137121850648","Sport Cars Miami is a one of a kind first class pre-owned vehicles dealership. Our extensive partnership network and our flexible financing options allow us to offer the widest selection of both off-lease and new car trades at exceptional values. Looking for a high quality vehicle? You've come to the right place. To learn more about our dealership and how we can help with your next vehicle purchase, please call us at 833-617-5627 or stop by in person. We look forward to meeting you.","1300 N State Road 7, FL 33021","Hollywood","Florida","United States"
"2017 BMW 3 Series 320i Sedan"," BMW ","3 Series","NONE","2017","WBA8E1G58HNU14828","U14828","14,495 USD",,"https://www.sportcars.miami//used/BMW/2017-BMW-3+Series-37a9859f0a0e0a943e3f39a74f641a93.htm","88198","MI","USED","321137121850648","Sport Cars Miami is a one of a kind first class pre-owned vehicles dealership. Our extensive partnership network and our flexible financing options allow us to offer the widest selection of both off-lease and new car trades at exceptional values. Looking for a high quality vehicle? You've come to the right place. To learn more about our dealership and how we can help with your next vehicle purchase, please call us at 833-617-5627 or stop by in person. We look forward to meeting you.","1300 N State Road 7, FL 33021","Hollywood","Florida","United States"
"2016 BMW 3 Series 328i Sedan"," BMW ","3 Series","NONE","2016","WBA8E9C5XGK644584","644584","16,999 USD",,"https://www.sportcars.miami//used/BMW/2016-BMW-3+Series-37a954990a0e0a937adff1817e272d55.htm","84913","MI","USED","321137121850648","Sport Cars Miami is a one of a kind first class pre-owned vehicles dealership. Our extensive partnership network and our flexible financing options allow us to offer the widest selection of both off-lease and new car trades at exceptional values. Looking for a high quality vehicle? You've come to the right place. To learn more about our dealership and how we can help with your next vehicle purchase, please call us at 833-617-5627 or stop by in person. We look forward to meeting you.","1300 N State Road 7, FL 33021","Hollywood","Florida","United States"
"2016 BMW 3 Series 328i"," BMW ","3 Series","NONE","2016","WBA8E9G51GNT47678","T47678","21,999 USD",,"https://www.sportcars.miami//used/BMW/2016-BMW-3+Series-ccab14c50a0e0a9118f70de2f97db6c0.htm","51831","MI","USED","321137121850648","Sport Cars Miami is a one of a kind first class pre-owned vehicles dealership. Our extensive partnership network and our flexible financing options allow us to offer the widest selection of both off-lease and new car trades at exceptional values. Looking for a high quality vehicle? You've come to the right place. To learn more about our dealership and how we can help with your next vehicle purchase, please call us at 833-617-5627 or stop by in person. We look forward to meeting you.","1300 N State Road 7, FL 33021","Hollywood","Florida","United States"
"2014 BMW 3 Series 328i Sedan"," BMW ","3 Series","NONE","2014","WBA3A5C52EJ464789","464789","12,494 USD",,"https://www.sportcars.miami//used/BMW/2014-BMW-3+Series-37a8e7b80a0e0a927f2167993322ba5f.htm","104278","MI","USED","321137121850648","Sport Cars Miami is a one of a kind first class pre-owned vehicles dealership. Our extensive partnership network and our flexible financing options allow us to offer the widest selection of both off-lease and new car trades at exceptional values. Looking for a high quality vehicle? You've come to the right place. To learn more about our dealership and how we can help with your next vehicle purchase, please call us at 833-617-5627 or stop by in person. We look forward to meeting you.","1300 N State Road 7, FL 33021","Hollywood","Florida","United States"
"2013 BMW 3 Series 328i Convertible"," BMW ","3 Series","NONE","2013","WBADW3C50DJ526862","526862","13,495 USD",,"https://www.sportcars.miami//used/BMW/2013-BMW-3+Series-37a8e6660a0e0a927f216799ddb3e295.htm","82844","MI","USED","321137121850648","Sport Cars Miami is a one of a kind first class pre-owned vehicles dealership. Our extensive partnership network and our flexible financing options allow us to offer the widest selection of both off-lease and new car trades at exceptional values. Looking for a high quality vehicle? You've come to the right place. To learn more about our dealership and how we can help with your next vehicle purchase, please call us at 833-617-5627 or stop by in person. We look forward to meeting you.","1300 N State Road 7, FL 33021","Hollywood","Florida","United States"
"2011 BMW 3 Series 328i Sedan"," BMW ","3 Series","NONE","2011","WBAPH7C55BE851415","851415","8,999 USD",,"https://www.sportcars.miami//used/BMW/2011-BMW-3+Series-37a8ad680a0e0a9934b05cedb152c590.htm","85197","MI","USED","321137121850648","Sport Cars Miami is a one of a kind first class pre-owned vehicles dealership. Our extensive partnership network and our flexible financing options allow us to offer the widest selection of both off-lease and new car trades at exceptional values. Looking for a high quality vehicle? You've come to the right place. To learn more about our dealership and how we can help with your next vehicle purchase, please call us at 833-617-5627 or stop by in person. We look forward to meeting you.","1300 N State Road 7, FL 33021","Hollywood","Florida","United States"
"2018 BMW 3 Series 330i xDrive"," BMW ","3 Series","NONE","2018","WBA8D9C53JA614911","614911N","24,994 USD",,"https://www.sportcars.miami//used/BMW/2018-BMW-3+Series-ccab09120a0e0a9118f70de285611b78.htm","91795","MI","USED","321137121850648","Sport Cars Miami is a one of a kind first class pre-owned vehicles dealership. Our extensive partnership network and our flexible financing options allow us to offer the widest selection of both off-lease and new car trades at exceptional values. Looking for a high quality vehicle? You've come to the right place. To learn more about our dealership and how we can help with your next vehicle purchase, please call us at 833-617-5627 or stop by in person. We look forward to meeting you.","1300 N State Road 7, FL 33021","Hollywood","Florida","United States"
"2011 BMW 3 Series 335i xDrive"," BMW ","3 Series","NONE","2011","WBAKF9C55BE619196","619196W","16,495 USD",,"https://www.sportcars.miami//used/BMW/2011-BMW-3+Series-932e9a080a0e081d44288e64a20b1ea2.htm","72254","MI","USED","321137121850648","Sport Cars Miami is a one of a kind first class pre-owned vehicles dealership. Our extensive partnership network and our flexible financing options allow us to offer the widest selection of both off-lease and new car trades at exceptional values. Looking for a high quality vehicle? You've come to the right place. To learn more about our dealership and how we can help with your next vehicle purchase, please call us at 833-617-5627 or stop by in person. We look forward to meeting you.","1300 N State Road 7, FL 33021","Hollywood","Florida","United States"
"1998 BMW 3 Series M Roadster"," BMW ","3 Series","NONE","1998","WBSCK9335WLC86691","C86691","18,200 USD",,"https://www.sportcars.miami//used/BMW/1998-BMW-3+Series-37a8886e0a0e0a937adff181f4ab6540.htm","91398","MI","USED","321137121850648","Sport Cars Miami is a one of a kind first class pre-owned vehicles dealership. Our extensive partnership network and our flexible financing options allow us to offer the widest selection of both off-lease and new car trades at exceptional values. Looking for a high quality vehicle? You've come to the right place. To learn more about our dealership and how we can help with your next vehicle purchase, please call us at 833-617-5627 or stop by in person. We look forward to meeting you.","1300 N State Road 7, FL 33021","Hollywood","Florida","United States"
"2015 BMW 4 Series 428i Convertible"," BMW ","4 Series","NONE","2015","WBA3V7C50FP772574","772574","16,995 USD",,"https://www.sportcars.miami//used/BMW/2015-BMW-4+Series-37a91d1b0a0e0a905d26eaafae1385b4.htm","87000","MI","USED","321137121850648","Sport Cars Miami is a one of a kind first class pre-owned vehicles dealership. Our extensive partnership network and our flexible financing options allow us to offer the widest selection of both off-lease and new car trades at exceptional values. Looking for a high quality vehicle? You've come to the right place. To learn more about our dealership and how we can help with your next vehicle purchase, please call us at 833-617-5627 or stop by in person. We look forward to meeting you.","1300 N State Road 7, FL 33021","Hollywood","Florida","United States"
"2015 BMW 4 Series 428i Coupe"," BMW ","4 Series","NONE","2015","WBA3N3C53FK232402","232402","16,995 USD",,"https://www.sportcars.miami//used/BMW/2015-BMW-4+Series-37a91db10a0e0a905d26eaafcbfbee6b.htm","77077","MI","USED","321137121850648","Sport Cars Miami is a one of a kind first class pre-owned vehicles dealership. Our extensive partnership network and our flexible financing options allow us to offer the widest selection of both off-lease and new car trades at exceptional values. Looking for a high quality vehicle? You've come to the right place. To learn more about our dealership and how we can help with your next vehicle purchase, please call us at 833-617-5627 or stop by in person. We look forward to meeting you.","1300 N State Road 7, FL 33021","Hollywood","Florida","United States"
"2015 BMW 4 Series 428i Convertible"," BMW ","4 Series","NONE","2015","WBA3V5C57FP752830","752830","23,999 USD",,"https://www.sportcars.miami//used/BMW/2015-BMW-4+Series-37a97bd80a0e081d0ba1841f90023803.htm","77878","MI","USED","321137121850648","Sport Cars Miami is a one of a kind first class pre-owned vehicles dealership. Our extensive partnership network and our flexible financing options allow us to offer the widest selection of both off-lease and new car trades at exceptional values. Looking for a high quality vehicle? You've come to the right place. To learn more about our dealership and how we can help with your next vehicle purchase, please call us at 833-617-5627 or stop by in person. We look forward to meeting you.","1300 N State Road 7, FL 33021","Hollywood","Florida","United States"
"2015 BMW 4 Series 428i Gran Coupe"," BMW ","4 Series","NONE","2015","WBA4A5C51FGK15631","K15631","16,995 USD",,"https://www.sportcars.miami//used/BMW/2015-BMW-4+Series-37a8726a0a0e0a937adff1818a7936d0.htm","88230","MI","USED","321137121850648","Sport Cars Miami is a one of a kind first class pre-owned vehicles dealership. Our extensive partnership network and our flexible financing options allow us to offer the widest selection of both off-lease and new car trades at exceptional values. Looking for a high quality vehicle? You've come to the right place. To learn more about our dealership and how we can help with your next vehicle purchase, please call us at 833-617-5627 or stop by in person. We look forward to meeting you.","1300 N State Road 7, FL 33021","Hollywood","Florida","United States"
"2015 BMW 4 Series 428i Gran Coupe"," BMW ","4 Series","NONE","2015","WBA4A5C52FG051533","G051533-T","12,495 USD",,"https://www.sportcars.miami//used/BMW/2015-BMW-4+Series-37a932f20a0e0a9175a167fbb9d34cd8.htm","130171","MI","USED","321137121850648","Sport Cars Miami is a one of a kind first class pre-owned vehicles dealership. Our extensive partnership network and our flexible financing options allow us to offer the widest selection of both off-lease and new car trades at exceptional values. Looking for a high quality vehicle? You've come to the right place. To learn more about our dealership and how we can help with your next vehicle purchase, please call us at 833-617-5627 or stop by in person. We look forward to meeting you.","1300 N State Road 7, FL 33021","Hollywood","Florida","United States"
"2015 BMW 4 Series 428i xDrive Convertible"," BMW ","4 Series","NONE","2015","WBA3T1C58FP821202","821202","22,995 USD",,"https://www.sportcars.miami//used/BMW/2015-BMW-4+Series-37a885340a0e0a937adff181e69cd7bf.htm","39066","MI","USED","321137121850648","Sport Cars Miami is a one of a kind first class pre-owned vehicles dealership. Our extensive partnership network and our flexible financing options allow us to offer the widest selection of both off-lease and new car trades at exceptional values. Looking for a high quality vehicle? You've come to the right place. To learn more about our dealership and how we can help with your next vehicle purchase, please call us at 833-617-5627 or stop by in person. We look forward to meeting you.","1300 N State Road 7, FL 33021","Hollywood","Florida","United States"
"2018 BMW 4 Series 430i Convertible"," BMW ","4 Series","NONE","2018","WBA4Z1C57JEC60744","C60744","22,995 USD",,"https://www.sportcars.miami//used/BMW/2018-BMW-4+Series-37a996ad0a0e0a943e3f39a7b0c9cdfc.htm","69817","MI","USED","321137121850648","Sport Cars Miami is a one of a kind first class pre-owned vehicles dealership. Our extensive partnership network and our flexible financing options allow us to offer the widest selection of both off-lease and new car trades at exceptional values. Looking for a high quality vehicle? You've come to the right place. To learn more about our dealership and how we can help with your next vehicle purchase, please call us at 833-617-5627 or stop by in person. We look forward to meeting you.","1300 N State Road 7, FL 33021","Hollywood","Florida","United States"
"2018 BMW 4 Series 430i Convertible"," BMW ","4 Series","NONE","2018","WBA4Z1C59JEC70918","C70918","21,999 USD",,"https://www.sportcars.miami//used/BMW/2018-BMW-4+Series-37a9a5a50a0e0a937adff181c0e69d37.htm","85281","MI","USED","321137121850648","Sport Cars Miami is a one of a kind first class pre-owned vehicles dealership. Our extensive partnership network and our flexible financing options allow us to offer the widest selection of both off-lease and new car trades at exceptional values. Looking for a high quality vehicle? You've come to the right place. To learn more about our dealership and how we can help with your next vehicle purchase, please call us at 833-617-5627 or stop by in person. We look forward to meeting you.","1300 N State Road 7, FL 33021","Hollywood","Florida","United States"
"2014 BMW 4 Series 435i Coupe"," BMW ","4 Series","NONE","2014","WBA3R1C52EK190974","T-190974","16,495 USD",,"https://www.sportcars.miami//used/BMW/2014-BMW-4+Series-37a8ea490a0e0a927f2167993b96bd0c.htm","125866","MI","USED","321137121850648","Sport Cars Miami is a one of a kind first class pre-owned vehicles dealership. Our extensive partnership network and our flexible financing options allow us to offer the widest selection of both off-lease and new car trades at exceptional values. Looking for a high quality vehicle? You've come to the right place. To learn more about our dealership and how we can help with your next vehicle purchase, please call us at 833-617-5627 or stop by in person. We look forward to meeting you.","1300 N State Road 7, FL 33021","Hollywood","Florida","United States"
"2015 BMW 5 Series 528i Sedan"," BMW ","5 Series","NONE","2015","WBA5A5C55FD517087","517087","16,995 USD",,"https://www.sportcars.miami//used/BMW/2015-BMW-5+Series-37a8833d0a0e0a937adff1817b6dd611.htm","76097","MI","USED","321137121850648","Sport Cars Miami is a one of a kind first class pre-owned vehicles dealership. Our extensive partnership network and our flexible financing options allow us to offer the widest selection of both off-lease and new car trades at exceptional values. Looking for a high quality vehicle? You've come to the right place. To learn more about our dealership and how we can help with your next vehicle purchase, please call us at 833-617-5627 or stop by in person. We look forward to meeting you.","1300 N State Road 7, FL 33021","Hollywood","Florida","United States"
"2014 BMW 5 Series 528i Sedan"," BMW ","5 Series","NONE","2014","WBA5A5C53ED502926","502926","14,495 USD",,"https://www.sportcars.miami//used/BMW/2014-BMW-5+Series-37a8e8850a0e0a927f216799272bbd73.htm","72667","MI","USED","321137121850648","Sport Cars Miami is a one of a kind first class pre-owned vehicles dealership. Our extensive partnership network and our flexible financing options allow us to offer the widest selection of both off-lease and new car trades at exceptional values. Looking for a high quality vehicle? You've come to the right place. To learn more about our dealership and how we can help with your next vehicle purchase, please call us at 833-617-5627 or stop by in person. We look forward to meeting you.","1300 N State Road 7, FL 33021","Hollywood","Florida","United States"
"2011 BMW 5 Series 528i"," BMW ","5 Series","NONE","2011","WBAFR1C5XBC750999","750999W","13,944 USD",,"https://www.sportcars.miami//used/BMW/2011-BMW-5+Series-ccab021d0a0e0a9118f70de2ab7db13b.htm","70655","MI","USED","321137121850648","Sport Cars Miami is a one of a kind first class pre-owned vehicles dealership. Our extensive partnership network and our flexible financing options allow us to offer the widest selection of both off-lease and new car trades at exceptional values. Looking for a high quality vehicle? You've come to the right place. To learn more about our dealership and how we can help with your next vehicle purchase, please call us at 833-617-5627 or stop by in person. We look forward to meeting you.","1300 N State Road 7, FL 33021","Hollywood","Florida","United States"
"2018 BMW 5 Series 530i Sedan"," BMW ","5 Series","NONE","2018","WBAJA5C58JWA38953","A38953","28,495 USD",,"https://www.sportcars.miami//used/BMW/2018-BMW-5+Series-37a9b18a0a0e0a937adff1819a7e06d2.htm","46519","MI","USED","321137121850648","Sport Cars Miami is a one of a kind first class pre-owned vehicles dealership. Our extensive partnership network and our flexible financing options allow us to offer the widest selection of both off-lease and new car trades at exceptional values. Looking for a high quality vehicle? You've come to the right place. To learn more about our dealership and how we can help with your next vehicle purchase, please call us at 833-617-5627 or stop by in person. We look forward to meeting you.","1300 N State Road 7, FL 33021","Hollywood","Florida","United States"
"2004 BMW 5 Series 530i Sedan"," BMW ","5 Series","NONE","2004","WBANA73524B057388","57388","4,999 USD",,"https://www.sportcars.miami//used/BMW/2004-BMW-5+Series-37a8911e0a0e0a937adff1815c733a15.htm","155000","MI","USED","321137121850648","Sport Cars Miami is a one of a kind first class pre-owned vehicles dealership. Our extensive partnership network and our flexible financing options allow us to offer the widest selection of both off-lease and new car trades at exceptional values. Looking for a high quality vehicle? You've come to the right place. To learn more about our dealership and how we can help with your next vehicle purchase, please call us at 833-617-5627 or stop by in person. We look forward to meeting you.","1300 N State Road 7, FL 33021","Hollywood","Florida","United States"
"2018 BMW 5 Series 530i xDrive Sedan"," BMW ","5 Series","NONE","2018","WBAJA7C57JWA73219","A73219","17,995 USD",,"https://www.sportcars.miami//used/BMW/2018-BMW-5+Series-37a9ad080a0e0a937adff181bfa84f0a.htm","128537","MI","USED","321137121850648","Sport Cars Miami is a one of a kind first class pre-owned vehicles dealership. Our extensive partnership network and our flexible financing options allow us to offer the widest selection of both off-lease and new car trades at exceptional values. Looking for a high quality vehicle? You've come to the right place. To learn more about our dealership and how we can help with your next vehicle purchase, please call us at 833-617-5627 or stop by in person. We look forward to meeting you.","1300 N State Road 7, FL 33021","Hollywood","Florida","United States"
"2017 BMW 5 Series 530i xDrive Sedan"," BMW ","5 Series","NONE","2017","WBAJA7C37HG903732","903732N","21,999 USD",,"https://www.sportcars.miami//used/BMW/2017-BMW-5+Series-37a8cdc50a0e0a937adff18124c92cc0.htm","96905","MI","USED","321137121850648","Sport Cars Miami is a one of a kind first class pre-owned vehicles dealership. Our extensive partnership network and our flexible financing options allow us to offer the widest selection of both off-lease and new car trades at exceptional values. Looking for a high quality vehicle? You've come to the right place. To learn more about our dealership and how we can help with your next vehicle purchase, please call us at 833-617-5627 or stop by in person. We look forward to meeting you.","1300 N State Road 7, FL 33021","Hollywood","Florida","United States"
"2016 BMW 5 Series 535i Sedan"," BMW ","5 Series","NONE","2016","WBA5B1C56GG554008","554008","16,999 USD",,"https://www.sportcars.miami//used/BMW/2016-BMW-5+Series-37a959cb0a0e0a937adff181d209c877.htm","94093","MI","USED","321137121850648","Sport Cars Miami is a one of a kind first class pre-owned vehicles dealership. Our extensive partnership network and our flexible financing options allow us to offer the widest selection of both off-lease and new car trades at exceptional values. Looking for a high quality vehicle? You've come to the right place. To learn more about our dealership and how we can help with your next vehicle purchase, please call us at 833-617-5627 or stop by in person. We look forward to meeting you.","1300 N State Road 7, FL 33021","Hollywood","Florida","United States"
"2016 BMW 5 Series 535i"," BMW ","5 Series","NONE","2016","WBA5B1C57GG553014","553014","21,944 USD",,"https://www.sportcars.miami//used/BMW/2016-BMW-5+Series-ccaafbea0a0e0a9118f70de2993e8888.htm","68523","MI","USED","321137121850648","Sport Cars Miami is a one of a kind first class pre-owned vehicles dealership. Our extensive partnership network and our flexible financing options allow us to offer the widest selection of both off-lease and new car trades at exceptional values. Looking for a high quality vehicle? You've come to the right place. To learn more about our dealership and how we can help with your next vehicle purchase, please call us at 833-617-5627 or stop by in person. We look forward to meeting you.","1300 N State Road 7, FL 33021","Hollywood","Florida","United States"
"2013 BMW 5 Series 535i Sedan"," BMW ","5 Series","NONE","2013","WBAFR7C5XDC819387","819387","12,944 USD",,"https://www.sportcars.miami//used/BMW/2013-BMW-5+Series-37a8df2c0a0e094a30c601f7e104fe2d.htm","144354","MI","USED","321137121850648","Sport Cars Miami is a one of a kind first class pre-owned vehicles dealership. Our extensive partnership network and our flexible financing options allow us to offer the widest selection of both off-lease and new car trades at exceptional values. Looking for a high quality vehicle? You've come to the right place. To learn more about our dealership and how we can help with your next vehicle purchase, please call us at 833-617-5627 or stop by in person. We look forward to meeting you.","1300 N State Road 7, FL 33021","Hollywood","Florida","United States"
"2012 BMW 5 Series 535i xDrive Sedan"," BMW ","5 Series","NONE","2012","WBAFU7C54CDU58133","U58133","12,999 USD",,"https://www.sportcars.miami//used/BMW/2012-BMW-5+Series-37a8bdaa0a0e087f342c87927d26e8e2.htm","93080","MI","USED","321137121850648","Sport Cars Miami is a one of a kind first class pre-owned vehicles dealership. Our extensive partnership network and our flexible financing options allow us to offer the widest selection of both off-lease and new car trades at exceptional values. Looking for a high quality vehicle? You've come to the right place. To learn more about our dealership and how we can help with your next vehicle purchase, please call us at 833-617-5627 or stop by in person. We look forward to meeting you.","1300 N State Road 7, FL 33021","Hollywood","Florida","United States"
"2017 BMW 5 Series 540i Sedan"," BMW ","5 Series","NONE","2017","WBAJE5C35HG917315","917315N","26,495 USD",,"https://www.sportcars.miami//used/BMW/2017-BMW-5+Series-37a8cf260a0e0a927f2167999f629328.htm","85730","MI","USED","321137121850648","Sport Cars Miami is a one of a kind first class pre-owned vehicles dealership. Our extensive partnership network and our flexible financing options allow us to offer the widest selection of both off-lease and new car trades at exceptional values. Looking for a high quality vehicle? You've come to the right place. To learn more about our dealership and how we can help with your next vehicle purchase, please call us at 833-617-5627 or stop by in person. We look forward to meeting you.","1300 N State Road 7, FL 33021","Hollywood","Florida","United States"
"2015 BMW 5 Series Gran Turismo 535i xDrive Gran Turismo Hatchback"," BMW ","5 Series Gran Turismo","NONE","2015","WBA5M4C58FD186491","186491W","19,994 USD",,"https://www.sportcars.miami//used/BMW/2015-BMW-5+Series+Gran+Turismo-37a93b4e0a0e0a9175a167fb24458c10.htm","61959","MI","USED","321137121850648","Sport Cars Miami is a one of a kind first class pre-owned vehicles dealership. Our extensive partnership network and our flexible financing options allow us to offer the widest selection of both off-lease and new car trades at exceptional values. Looking for a high quality vehicle? You've come to the right place. To learn more about our dealership and how we can help with your next vehicle purchase, please call us at 833-617-5627 or stop by in person. We look forward to meeting you.","1300 N State Road 7, FL 33021","Hollywood","Florida","United States"
"2014 BMW 6 Series 640i Gran Coupe"," BMW ","6 Series","NONE","2014","WBA6A0C58EDZ04545","Z04545","20,495 USD",,"https://www.sportcars.miami//used/BMW/2014-BMW-6+Series-a16a4a4d0a0e0a9207489da93487bc41.htm","77053","MI","USED","321137121850648","Sport Cars Miami is a one of a kind first class pre-owned vehicles dealership. Our extensive partnership network and our flexible financing options allow us to offer the widest selection of both off-lease and new car trades at exceptional values. Looking for a high quality vehicle? You've come to the right place. To learn more about our dealership and how we can help with your next vehicle purchase, please call us at 833-617-5627 or stop by in person. We look forward to meeting you.","1300 N State Road 7, FL 33021","Hollywood","Florida","United States"
"2012 BMW 6 Series 650i Convertible"," BMW ","6 Series","NONE","2012","WBALZ3C50CDL70399","L70399N","21,444 USD",,"https://www.sportcars.miami//used/BMW/2012-BMW-6+Series-37a8be790a0e087f342c87924ff6b801.htm","92385","MI","USED","321137121850648","Sport Cars Miami is a one of a kind first class pre-owned vehicles dealership. Our extensive partnership network and our flexible financing options allow us to offer the widest selection of both off-lease and new car trades at exceptional values. Looking for a high quality vehicle? You've come to the right place. To learn more about our dealership and how we can help with your next vehicle purchase, please call us at 833-617-5627 or stop by in person. We look forward to meeting you.","1300 N State Road 7, FL 33021","Hollywood","Florida","United States"
"2015 BMW 7 Series 740Li Sedan"," BMW ","7 Series","NONE","2015","WBAYE4C56FD138787","138787","23,999 USD",,"https://www.sportcars.miami//used/BMW/2015-BMW-7+Series-37a8849a0a0e0a937adff18193aad6da.htm","100725","MI","USED","321137121850648","Sport Cars Miami is a one of a kind first class pre-owned vehicles dealership. Our extensive partnership network and our flexible financing options allow us to offer the widest selection of both off-lease and new car trades at exceptional values. Looking for a high quality vehicle? You've come to the right place. To learn more about our dealership and how we can help with your next vehicle purchase, please call us at 833-617-5627 or stop by in person. We look forward to meeting you.","1300 N State Road 7, FL 33021","Hollywood","Florida","United States"
"2019 BMW 8 Series M850i xDrive"," BMW ","8 Series","NONE","2019","WBAFY4C5XKBX29452","X29452","89,275 USD",,"https://www.sportcars.miami//exotic-used/BMW/2019-BMW-8+Series-ccab0ec20a0e0a9118f70de295e4ccd9.htm","26721","MI","USED","321137121850648","Sport Cars Miami is a one of a kind first class pre-owned vehicles dealership. Our extensive partnership network and our flexible financing options allow us to offer the widest selection of both off-lease and new car trades at exceptional values. Looking for a high quality vehicle? You've come to the right place. To learn more about our dealership and how we can help with your next vehicle purchase, please call us at 833-617-5627 or stop by in person. We look forward to meeting you.","1300 N State Road 7, FL 33021","Hollywood","Florida","United States"
"2012 BMW M3 Base Coupe"," BMW ","M3","NONE","2012","WBSKG9C52CE797612","797612-C","63,995 USD",,"https://www.sportcars.miami//exotic-used/BMW/2012-BMW-M3-37a8b9670a0e087f342c87920bf150a9.htm","56719","MI","USED","321137121850648","Sport Cars Miami is a one of a kind first class pre-owned vehicles dealership. Our extensive partnership network and our flexible financing options allow us to offer the widest selection of both off-lease and new car trades at exceptional values. Looking for a high quality vehicle? You've come to the right place. To learn more about our dealership and how we can help with your next vehicle purchase, please call us at 833-617-5627 or stop by in person. We look forward to meeting you.","1300 N State Road 7, FL 33021","Hollywood","Florida","United States"
"2017 BMW X1 sDrive28i SUV"," BMW ","X1","NONE","2017","WBXHU7C33H5H34707","H34707","22,995 USD",,"https://www.sportcars.miami//used/BMW/2017-BMW-X1-37a8d5eb0a0e094a30c601f7cef3a8db.htm","53368","MI","USED","321137121850648","Sport Cars Miami is a one of a kind first class pre-owned vehicles dealership. Our extensive partnership network and our flexible financing options allow us to offer the widest selection of both off-lease and new car trades at exceptional values. Looking for a high quality vehicle? You've come to the right place. To learn more about our dealership and how we can help with your next vehicle purchase, please call us at 833-617-5627 or stop by in person. We look forward to meeting you.","1300 N State Road 7, FL 33021","Hollywood","Florida","United States"
"2015 BMW X1 sDrive28i SUV"," BMW ","X1","NONE","2015","WBAVM1C5XFVW58943","W58943","16,744 USD",,"https://www.sportcars.miami//used/BMW/2015-BMW-X1-37a882970a0e0a937adff18120b8dd75.htm","66264","MI","USED","321137121850648","Sport Cars Miami is a one of a kind first class pre-owned vehicles dealership. Our extensive partnership network and our flexible financing options allow us to offer the widest selection of both off-lease and new car trades at exceptional values. Looking for a high quality vehicle? You've come to the right place. To learn more about our dealership and how we can help with your next vehicle purchase, please call us at 833-617-5627 or stop by in person. We look forward to meeting you.","1300 N State Road 7, FL 33021","Hollywood","Florida","United States"
"2017 BMW X1 xDrive28i"," BMW ","X1","NONE","2017","WBXHT3C33H5F70659","T-F70659","21,944 USD",,"https://www.sportcars.miami//used/BMW/2017-BMW-X1-ccab03530a0e0a9118f70de2f30f88c7.htm","55761","MI","USED","321137121850648","Sport Cars Miami is a one of a kind first class pre-owned vehicles dealership. Our extensive partnership network and our flexible financing options allow us to offer the widest selection of both off-lease and new car trades at exceptional values. Looking for a high quality vehicle? You've come to the right place. To learn more about our dealership and how we can help with your next vehicle purchase, please call us at 833-617-5627 or stop by in person. We look forward to meeting you.","1300 N State Road 7, FL 33021","Hollywood","Florida","United States"
"2013 BMW X1 xDrive35i SUV"," BMW ","X1","NONE","2013","WBAVM5C50DVV89734","V89734","12,495 USD",,"https://www.sportcars.miami//used/BMW/2013-BMW-X1-c72163e50a0e087f0db8dbb63adc59bb.htm","88433","MI","USED","321137121850648","Sport Cars Miami is a one of a kind first class pre-owned vehicles dealership. Our extensive partnership network and our flexible financing options allow us to offer the widest selection of both off-lease and new car trades at exceptional values. Looking for a high quality vehicle? You've come to the right place. To learn more about our dealership and how we can help with your next vehicle purchase, please call us at 833-617-5627 or stop by in person. We look forward to meeting you.","1300 N State Road 7, FL 33021","Hollywood","Florida","United States"
"2020 BMW X2 sDrive28i Sports Activity Vehicle"," BMW ","X2","NONE","2020","WBXYH9C06L5P69382","P69382","27,495 USD",,"https://www.sportcars.miami//used/BMW/2020-BMW-X2-346946d80a0e0a92223d44b3e6e03250.htm","23389","MI","USED","321137121850648","Sport Cars Miami is a one of a kind first class pre-owned vehicles dealership. Our extensive partnership network and our flexible financing options allow us to offer the widest selection of both off-lease and new car trades at exceptional values. Looking for a high quality vehicle? You've come to the right place. To learn more about our dealership and how we can help with your next vehicle purchase, please call us at 833-617-5627 or stop by in person. We look forward to meeting you.","1300 N State Road 7, FL 33021","Hollywood","Florida","United States"
"2015 BMW X3 sDrive28i SUV"," BMW ","X3","NONE","2015","5UXWZ7C52F0F75565","F75565","16,944 USD",,"https://www.sportcars.miami//used/BMW/2015-BMW-X3-37a93d770a0e0a9175a167fb4581685d.htm","71561","MI","USED","321137121850648","Sport Cars Miami is a one of a kind first class pre-owned vehicles dealership. Our extensive partnership network and our flexible financing options allow us to offer the widest selection of both off-lease and new car trades at exceptional values. Looking for a high quality vehicle? You've come to the right place. To learn more about our dealership and how we can help with your next vehicle purchase, please call us at 833-617-5627 or stop by in person. We look forward to meeting you.","1300 N State Road 7, FL 33021","Hollywood","Florida","United States"
"2018 BMW X3 xDrive30i Sports Activity Vehicle SUV"," BMW ","X3","NONE","2018","5UXTR9C59JLC72983","C72983","26,999 USD",,"https://www.sportcars.miami//used/BMW/2018-BMW-X3-37a9a4050a0e087f342c879207a148cc.htm","85160","MI","USED","321137121850648","Sport Cars Miami is a one of a kind first class pre-owned vehicles dealership. Our extensive partnership network and our flexible financing options allow us to offer the widest selection of both off-lease and new car trades at exceptional values. Looking for a high quality vehicle? You've come to the right place. To learn more about our dealership and how we can help with your next vehicle purchase, please call us at 833-617-5627 or stop by in person. We look forward to meeting you.","1300 N State Road 7, FL 33021","Hollywood","Florida","United States"
"2013 BMW X3 xDrive35i SUV"," BMW ","X3","NONE","2013","5UXWX7C57DL979427","979427","19,999 USD",,"https://www.sportcars.miami//used/BMW/2013-BMW-X3-37a8e44e0a0e0a927f216799da0f5039.htm","53407","MI","USED","321137121850648","Sport Cars Miami is a one of a kind first class pre-owned vehicles dealership. Our extensive partnership network and our flexible financing options allow us to offer the widest selection of both off-lease and new car trades at exceptional values. Looking for a high quality vehicle? You've come to the right place. To learn more about our dealership and how we can help with your next vehicle purchase, please call us at 833-617-5627 or stop by in person. We look forward to meeting you.","1300 N State Road 7, FL 33021","Hollywood","Florida","United States"
"2016 BMW X4 xDrive28i SUV"," BMW ","X4","NONE","2016","5UXXW3C51G0R22470","R22470","21,995 USD",,"https://www.sportcars.miami//used/BMW/2016-BMW-X4-37a9623b0a0e0a937adff181f3433753.htm","88447","MI","USED","321137121850648","Sport Cars Miami is a one of a kind first class pre-owned vehicles dealership. Our extensive partnership network and our flexible financing options allow us to offer the widest selection of both off-lease and new car trades at exceptional values. Looking for a high quality vehicle? You've come to the right place. To learn more about our dealership and how we can help with your next vehicle purchase, please call us at 833-617-5627 or stop by in person. We look forward to meeting you.","1300 N State Road 7, FL 33021","Hollywood","Florida","United States"
"2021 BMW X4 xDrive30i Sports Activity SUV"," BMW ","X4","NONE","2021","5UX2V1C04M9E16972","E16972","36,995 USD",,"https://www.sportcars.miami//used/BMW/2021-BMW-X4-37a974e50a0e081d0ba1841f3953a91a.htm","76049","MI","USED","321137121850648","Sport Cars Miami is a one of a kind first class pre-owned vehicles dealership. Our extensive partnership network and our flexible financing options allow us to offer the widest selection of both off-lease and new car trades at exceptional values. Looking for a high quality vehicle? You've come to the right place. To learn more about our dealership and how we can help with your next vehicle purchase, please call us at 833-617-5627 or stop by in person. We look forward to meeting you.","1300 N State Road 7, FL 33021","Hollywood","Florida","United States"
"2012 BMW X5 35i SUV"," BMW ","X5","NONE","2012","5UXZV4C5XCL758159","758159","12,999 USD",,"https://www.sportcars.miami//used/BMW/2012-BMW-X5-37a8b8b20a0e087f342c8792e3507c8b.htm","110968","MI","USED","321137121850648","Sport Cars Miami is a one of a kind first class pre-owned vehicles dealership. Our extensive partnership network and our flexible financing options allow us to offer the widest selection of both off-lease and new car trades at exceptional values. Looking for a high quality vehicle? You've come to the right place. To learn more about our dealership and how we can help with your next vehicle purchase, please call us at 833-617-5627 or stop by in person. We look forward to meeting you.","1300 N State Road 7, FL 33021","Hollywood","Florida","United States"
"2015 BMW X5 sDrive35i"," BMW ","X5","NONE","2015","5UXKR2C58F0H34851","H34851","24,944 USD",,"https://www.sportcars.miami//used/BMW/2015-BMW-X5-ccab12bf0a0e0a9118f70de2c4a82513.htm","84837","MI","USED","321137121850648","Sport Cars Miami is a one of a kind first class pre-owned vehicles dealership. Our extensive partnership network and our flexible financing options allow us to offer the widest selection of both off-lease and new car trades at exceptional values. Looking for a high quality vehicle? You've come to the right place. To learn more about our dealership and how we can help with your next vehicle purchase, please call us at 833-617-5627 or stop by in person. We look forward to meeting you.","1300 N State Road 7, FL 33021","Hollywood","Florida","United States"
"2017 BMW X5 sDrive35i Sports Activity Vehicle SUV"," BMW ","X5","NONE","2017","5UXKR2C50H0U18750","U18750N","26,495 USD",,"https://www.sportcars.miami//used/BMW/2017-BMW-X5-37a8ce860a0e0a927f2167990e9b34d1.htm","58735","MI","USED","321137121850648","Sport Cars Miami is a one of a kind first class pre-owned vehicles dealership. Our extensive partnership network and our flexible financing options allow us to offer the widest selection of both off-lease and new car trades at exceptional values. Looking for a high quality vehicle? You've come to the right place. To learn more about our dealership and how we can help with your next vehicle purchase, please call us at 833-617-5627 or stop by in person. We look forward to meeting you.","1300 N State Road 7, FL 33021","Hollywood","Florida","United States"
"2017 BMW X5 sDrive35i Sports Activity Vehicle SUV"," BMW ","X5","NONE","2017","5UXKR2C33H0X06454","X06454N","26,995 USD",,"https://www.sportcars.miami//used/BMW/2017-BMW-X5-37a981bc0a0e0a937adff181936bbcab.htm","57035","MI","USED","321137121850648","Sport Cars Miami is a one of a kind first class pre-owned vehicles dealership. Our extensive partnership network and our flexible financing options allow us to offer the widest selection of both off-lease and new car trades at exceptional values. Looking for a high quality vehicle? You've come to the right place. To learn more about our dealership and how we can help with your next vehicle purchase, please call us at 833-617-5627 or stop by in person. We look forward to meeting you.","1300 N State Road 7, FL 33021","Hollywood","Florida","United States"
"2016 BMW X5 xDrive35i"," BMW ","X5","NONE","2016","5UXKR0C5XG0P23286","P23286","27,444 USD",,"https://www.sportcars.miami//used/BMW/2016-BMW-X5-ccab13350a0e0a9118f70de28aeb0b25.htm","90288","MI","USED","321137121850648","Sport Cars Miami is a one of a kind first class pre-owned vehicles dealership. Our extensive partnership network and our flexible financing options allow us to offer the widest selection of both off-lease and new car trades at exceptional values. Looking for a high quality vehicle? You've come to the right place. To learn more about our dealership and how we can help with your next vehicle purchase, please call us at 833-617-5627 or stop by in person. We look forward to meeting you.","1300 N State Road 7, FL 33021","Hollywood","Florida","United States"
"2015 BMW X5 xDrive35i"," BMW ","X5","NONE","2015","5UXKR0C5XF0K71595","K71595","20,995 USD",,"https://www.sportcars.miami//used/BMW/2015-BMW-X5-eaa3a28c0a0e0a937d6f38af5fba1ad3.htm","76890","MI","USED","321137121850648","Sport Cars Miami is a one of a kind first class pre-owned vehicles dealership. Our extensive partnership network and our flexible financing options allow us to offer the widest selection of both off-lease and new car trades at exceptional values. Looking for a high quality vehicle? You've come to the right place. To learn more about our dealership and how we can help with your next vehicle purchase, please call us at 833-617-5627 or stop by in person. We look forward to meeting you.","1300 N State Road 7, FL 33021","Hollywood","Florida","United States"
"2020 BMW X5 xDrive40i Sports Activity Vehicle SUV"," BMW ","X5","NONE","2020","5UXCR6C0XL9B84320","B84320","54,494 USD",,"https://www.sportcars.miami//used/BMW/2020-BMW-X5-37a973aa0a0e081d0ba1841fbb9bc20c.htm","44571","MI","USED","321137121850648","Sport Cars Miami is a one of a kind first class pre-owned vehicles dealership. Our extensive partnership network and our flexible financing options allow us to offer the widest selection of both off-lease and new car trades at exceptional values. Looking for a high quality vehicle? You've come to the right place. To learn more about our dealership and how we can help with your next vehicle purchase, please call us at 833-617-5627 or stop by in person. We look forward to meeting you.","1300 N State Road 7, FL 33021","Hollywood","Florida","United States"
"2012 BMW X6 35i SUV"," BMW ","X6","NONE","2012","5UXFG2C58CL778699","778699","17,999 USD",,"https://www.sportcars.miami//used/BMW/2012-BMW-X6-37a8c8b00a0e087f342c87921d39ab49.htm","88033","MI","USED","321137121850648","Sport Cars Miami is a one of a kind first class pre-owned vehicles dealership. Our extensive partnership network and our flexible financing options allow us to offer the widest selection of both off-lease and new car trades at exceptional values. Looking for a high quality vehicle? You've come to the right place. To learn more about our dealership and how we can help with your next vehicle purchase, please call us at 833-617-5627 or stop by in person. We look forward to meeting you.","1300 N State Road 7, FL 33021","Hollywood","Florida","United States"
"2017 BMW X6 sDrive35i SUV"," BMW ","X6","NONE","2017","5UXKU0C55H0F99642","F99642","37,495 USD",,"https://www.sportcars.miami//used/BMW/2017-BMW-X6-37a984c20a0e0a943e3f39a73d9d279c.htm","40910","MI","USED","321137121850648","Sport Cars Miami is a one of a kind first class pre-owned vehicles dealership. Our extensive partnership network and our flexible financing options allow us to offer the widest selection of both off-lease and new car trades at exceptional values. Looking for a high quality vehicle? You've come to the right place. To learn more about our dealership and how we can help with your next vehicle purchase, please call us at 833-617-5627 or stop by in person. We look forward to meeting you.","1300 N State Road 7, FL 33021","Hollywood","Florida","United States"
"2016 BMW X6 sDrive35i"," BMW ","X6","NONE","2016","5UXKU0C55G0F92947","F92947-BB","30,944 USD",,"https://www.sportcars.miami//used/BMW/2016-BMW-X6-ccaafe740a0e0a9118f70de225415c71.htm","92087","MI","USED","321137121850648","Sport Cars Miami is a one of a kind first class pre-owned vehicles dealership. Our extensive partnership network and our flexible financing options allow us to offer the widest selection of both off-lease and new car trades at exceptional values. Looking for a high quality vehicle? You've come to the right place. To learn more about our dealership and how we can help with your next vehicle purchase, please call us at 833-617-5627 or stop by in person. We look forward to meeting you.","1300 N State Road 7, FL 33021","Hollywood","Florida","United States"
"2016 BMW X6 xDrive50i"," BMW ","X6","NONE","2016","5UXKU6C57G0R34222","R34222","33,944 USD",,"https://www.sportcars.miami//used/BMW/2016-BMW-X6-ccab0d4d0a0e0a9118f70de223febcff.htm","90081","MI","USED","321137121850648","Sport Cars Miami is a one of a kind first class pre-owned vehicles dealership. Our extensive partnership network and our flexible financing options allow us to offer the widest selection of both off-lease and new car trades at exceptional values. Looking for a high quality vehicle? You've come to the right place. To learn more about our dealership and how we can help with your next vehicle purchase, please call us at 833-617-5627 or stop by in person. We look forward to meeting you.","1300 N State Road 7, FL 33021","Hollywood","Florida","United States"
"2001 BMW Z8 Base Roadster"," BMW ","Z8","NONE","2001","WBAEJ13401AH60772","H60772","258,900 USD",,"https://www.sportcars.miami//exotic-used/BMW/2001-BMW-Z8-37a889910a0e0a937adff1812753b69d.htm","9872","MI","USED","321137121850648","Sport Cars Miami is a one of a kind first class pre-owned vehicles dealership. Our extensive partnership network and our flexible financing options allow us to offer the widest selection of both off-lease and new car trades at exceptional values. Looking for a high quality vehicle? You've come to the right place. To learn more about our dealership and how we can help with your next vehicle purchase, please call us at 833-617-5627 or stop by in person. We look forward to meeting you.","1300 N State Road 7, FL 33021","Hollywood","Florida","United States"
"2015 BMW i3 w/Range Extender Hatchback"," BMW ","i3","NONE","2015","WBY1Z4C57FV500434","500434","16,799 USD",,"https://www.sportcars.miami//used/BMW/2015-BMW-i3-37a91f6f0a0e0a905d26eaafeb9f210a.htm","64357","MI","USED","321137121850648","Sport Cars Miami is a one of a kind first class pre-owned vehicles dealership. Our extensive partnership network and our flexible financing options allow us to offer the widest selection of both off-lease and new car trades at exceptional values. Looking for a high quality vehicle? You've come to the right place. To learn more about our dealership and how we can help with your next vehicle purchase, please call us at 833-617-5627 or stop by in person. We look forward to meeting you.","1300 N State Road 7, FL 33021","Hollywood","Florida","United States"
"2018 Buick Enclave FWD Avenir SUV"," Buick ","Enclave","NONE","2018","5GAERDKW6JJ189108","189108","24,695 USD",,"https://www.sportcars.miami//used/Buick/2018-Buick-Enclave-37a98db60a0e0a943e3f39a784ccfa4c.htm","70046","MI","USED","321137121850648","Sport Cars Miami is a one of a kind first class pre-owned vehicles dealership. Our extensive partnership network and our flexible financing options allow us to offer the widest selection of both off-lease and new car trades at exceptional values. Looking for a high quality vehicle? You've come to the right place. To learn more about our dealership and how we can help with your next vehicle purchase, please call us at 833-617-5627 or stop by in person. We look forward to meeting you.","1300 N State Road 7, FL 33021","Hollywood","Florida","United States"
"2016 Cadillac ATS-V Sedan Base Sedan"," Cadillac ","ATS-V Sedan","NONE","2016","1G6AN5RYXG0124365","124365","32,495 USD",,"https://www.sportcars.miami//used/Cadillac/2016-Cadillac-ATS-V+Sedan-37a97eb20a0e081d0ba1841fe9dda7e9.htm","103241","MI","USED","321137121850648","Sport Cars Miami is a one of a kind first class pre-owned vehicles dealership. Our extensive partnership network and our flexible financing options allow us to offer the widest selection of both off-lease and new car trades at exceptional values. Looking for a high quality vehicle? You've come to the right place. To learn more about our dealership and how we can help with your next vehicle purchase, please call us at 833-617-5627 or stop by in person. We look forward to meeting you.","1300 N State Road 7, FL 33021","Hollywood","Florida","United States"
"2016 Cadillac Escalade 2WD Luxury Collection SUV"," Cadillac ","Escalade","NONE","2016","1GYS3BKJ4GR359062","359062","37,999 USD",,"https://www.sportcars.miami//used/Cadillac/2016-Cadillac-Escalade-37a95e950a0e0a937adff181560c78f8.htm","89369","MI","USED","321137121850648","Sport Cars Miami is a one of a kind first class pre-owned vehicles dealership. Our extensive partnership network and our flexible financing options allow us to offer the widest selection of both off-lease and new car trades at exceptional values. Looking for a high quality vehicle? You've come to the right place. To learn more about our dealership and how we can help with your next vehicle purchase, please call us at 833-617-5627 or stop by in person. We look forward to meeting you.","1300 N State Road 7, FL 33021","Hollywood","Florida","United States"
"2011 Cadillac Escalade AWD Premium SUV"," Cadillac ","Escalade","NONE","2011","1GYS4CEF1BR198544","198544","13,495 USD",,"https://www.sportcars.miami//used/Cadillac/2011-Cadillac-Escalade-37a8b2a60a0e0a9934b05ced6062734c.htm","122743","MI","USED","321137121850648","Sport Cars Miami is a one of a kind first class pre-owned vehicles dealership. Our extensive partnership network and our flexible financing options allow us to offer the widest selection of both off-lease and new car trades at exceptional values. Looking for a high quality vehicle? You've come to the right place. To learn more about our dealership and how we can help with your next vehicle purchase, please call us at 833-617-5627 or stop by in person. We look forward to meeting you.","1300 N State Road 7, FL 33021","Hollywood","Florida","United States"
"2018 Cadillac Escalade ESV 2WD Luxury SUV"," Cadillac ","Escalade ESV","NONE","2018","1GYS3HKJ6JR177082","177082","45,995 USD",,"https://www.sportcars.miami//used/Cadillac/2018-Cadillac-Escalade+ESV-37a996060a0e0a943e3f39a7cd6f9484.htm","29023","MI","USED","321137121850648","Sport Cars Miami is a one of a kind first class pre-owned vehicles dealership. Our extensive partnership network and our flexible financing options allow us to offer the widest selection of both off-lease and new car trades at exceptional values. Looking for a high quality vehicle? You've come to the right place. To learn more about our dealership and how we can help with your next vehicle purchase, please call us at 833-617-5627 or stop by in person. We look forward to meeting you.","1300 N State Road 7, FL 33021","Hollywood","Florida","United States"